{"cameraMode":{"drawMode":0,"name":"Shaded","section":"Shading Mode"},"sceneLighting":false,"audioPlay":false,"sceneViewState":{"showFog":true,"showMaterialUpdate":true,"showSkybox":false,"showFlares":true,"showImageEffects":true,"showParticleSystems":true,"showVisualEffectGraphs":true,"m_FxEnabled":true},"in2DMode":false,"pivot":{"x":-13.600000381469727,"y":0.9500000476837158,"z":15.6314697265625},"rotation":{"x":-0.008292997255921364,"y":0.9902095794677734,"z":-0.06724758446216583,"w":-0.12210920453071594},"size":1.3873755931854249,"orthographic":false}