{"cameraMode":{"drawMode":0,"name":"Shaded","section":"Shading Mode"},"sceneLighting":true,"audioPlay":false,"sceneViewState":{"showFog":true,"showMaterialUpdate":true,"showSkybox":true,"showFlares":true,"showImageEffects":true,"showParticleSystems":true,"showVisualEffectGraphs":true,"m_FxEnabled":true},"in2DMode":false,"pivot":{"x":342.5476989746094,"y":50.39522171020508,"z":268.55426025390627},"rotation":{"x":-0.06016236171126366,"y":0.11440445482730866,"z":0.006991397589445114,"w":0.9916397333145142},"size":40.67314529418945,"orthographic":false}