{"cameraMode":{"drawMode":0,"name":"Shaded","section":"Shading Mode"},"sceneLighting":true,"audioPlay":false,"sceneViewState":{"showFog":true,"showMaterialUpdate":true,"showSkybox":true,"showFlares":true,"showImageEffects":true,"showParticleSystems":true,"showVisualEffectGraphs":true,"m_FxEnabled":true},"in2DMode":false,"pivot":{"x":0.12987209856510163,"y":-148.73666381835938,"z":3.6430881023406984},"rotation":{"x":0.03791071102023125,"y":-0.9147300124168396,"z":0.3924781382083893,"w":0.08835197985172272},"size":169.73013305664063,"orthographic":false}