{"cameraMode":{"drawMode":0,"name":"Shaded","section":"Shading Mode"},"sceneLighting":true,"audioPlay":false,"sceneViewState":{"showFog":true,"showMaterialUpdate":true,"showSkybox":true,"showFlares":true,"showImageEffects":true,"showParticleSystems":true,"showVisualEffectGraphs":true,"m_FxEnabled":true},"in2DMode":false,"pivot":{"x":0.2462114840745926,"y":0.5966607928276062,"z":-3.3623626232147219},"rotation":{"x":0.09763959795236588,"y":-0.7385611534118652,"z":0.10959058254957199,"w":0.6580190062522888},"size":0.2657706141471863,"orthographic":false}