{"cameraMode":{"drawMode":0,"name":"Shaded","section":"Shading Mode"},"sceneLighting":true,"audioPlay":false,"sceneViewState":{"showFog":true,"showMaterialUpdate":true,"showSkybox":true,"showFlares":true,"showImageEffects":true,"showParticleSystems":true,"showVisualEffectGraphs":true,"m_FxEnabled":true},"in2DMode":false,"pivot":{"x":-0.22910630702972413,"y":0.543169379234314,"z":-3.2300093173980715},"rotation":{"x":0.06400243192911148,"y":-0.9221732020378113,"z":0.17382507026195527,"w":0.3395388722419739},"size":0.5638109445571899,"orthographic":false}