{"cameraMode":{"drawMode":0,"name":"Shaded","section":"Shading Mode"},"sceneLighting":true,"audioPlay":false,"sceneViewState":{"showFog":true,"showMaterialUpdate":true,"showSkybox":true,"showFlares":true,"showImageEffects":true,"showParticleSystems":true,"showVisualEffectGraphs":true,"m_FxEnabled":true},"in2DMode":false,"pivot":{"x":35.956214904785159,"y":1.1330217123031617,"z":-54.006656646728519},"rotation":{"x":-0.008292997255921364,"y":0.9902095794677734,"z":-0.06724758446216583,"w":-0.12210920453071594},"size":2.9234213829040529,"orthographic":false}