{"cameraMode":{"drawMode":0,"name":"Shaded","section":"Shading Mode"},"sceneLighting":true,"audioPlay":false,"sceneViewState":{"showFog":true,"showMaterialUpdate":true,"showSkybox":true,"showFlares":true,"showImageEffects":true,"showParticleSystems":true,"showVisualEffectGraphs":true,"m_FxEnabled":true},"in2DMode":false,"pivot":{"x":26.731664657592775,"y":-2.652219533920288,"z":-9.751691818237305},"rotation":{"x":0.09721545875072479,"y":-0.40817219018936159,"z":0.04375145956873894,"w":0.9066786766052246},"size":20.408832550048829,"orthographic":false}